korean,english
물러나다,"Fall back, to pull back, to pull back your position"
밀접하다,"Be close,intimate with"
부탁,"request,favor"
분량,"quantity,measure"
불과,"Only, not more than"
뻔하다,"Be clear,evident"
상자,"A box,case"
새해,A new year
소박하다,"simple, naive, ingenuous"
수없이,Be unable to do
승진,"promotion,advancement"
양,"Both, two"
얼음,Ice
열매,Fruit
적히다,"To be recorded,written down"
점수,"marks,the number of marks"
제한되다,"To be restricted,limited"
지속되다,"Be lasting a long time, be continous"
쫓기다,"To be chased, be driven"
쭉,All the time
통장,A bankbook (check register)
평가되다,To be appraised
하도,"Too much, excessively"
한창,"The height, summit , the top"
해안,"The seashore, the coast"
호박,Pumpkin
흑인,A Negro
간,Liver
갇히다,Be confined or shut up
결심하다,To resolve or be determined
경기장,Sports stadium or a sports field
고장,Broken
근로,Labor or exertion
눈동자,The pupil
늦다,"Be late, overdue"
닥치다,Shut the mouth!
도시락,Lunchbox lunch
몸짓,A gesture
부담하다,"bear,shoulder a responsibility"
부회장,A vice president
빼앗다,"Snach, take away from"
삼키다,Swallow
성실하다,Be ripe
스튜디오,Studio
실제,"The truth, a fact"
요새,"recently,lately"
이상적,Abnormal
일쑤,Habitual practice
일체,"All, everything,the whole"
자꾸만,Repeatedly (emphasized)
잦다,"Be frequent, incessant"
절망,"despair,hopelessness"
접다,Fold up
제시되다,To be presented
주방,"A kitchen, a cookroom"
진출하다,"Penetrate into, advance"
짜증,Annoyance
첫날,The first day
통과하다,Passage through
투명하다,"To be transparent, clear"
확산되다,To get diffused
경력,one’s personal history
고통스럽다,Be painful or torment
곤란하다,Difficulty or trouble
공중,The air or the sky
공해,Environmental pollution
귀찮다,Annoying irksome
기대다,1) To rely upon or lean upon 2) lean against
깨어나다,Return to consciousness
꼽히다,To be elected
대다수,A large majority
듯싶다,"To be like something, i guess"
먹이,Food
무,Radish
무료,Free
밉다,Be detestable
발레,Ballet
상징하다,Symbolize
실현하다,"To realize,bring to fruition"
아깝다,"regrettable,pitiful"
안정되다,To be stable
어리석다,"juvenile,foolish"
엎드리다,"Prostrate oneself, lie on the ground"
여럿,"many,many people"
연설,A public speech
연필,Pencil
염려,"anxiety,worry"
우습다,"To be funny, amusing"
운전,Driving
익숙하다,To become accustomed to
일자,"A date, the number of days"
잔치,"banquet,feast"
전달되다,To be delivered
차다,"cold,chilly"
치료하다,"To cure, heal, treat a patient"
칸,Blank space
한,"A grudge, rancor"
갈수록,As one goes aong
갖가지, A variety of or all sorts
거절하다,Refuse or reject
관광객,A tourist
구별하다,To distinguish between A and B
국,Soup or broth
다행,Good luck
마무리,"Finish, completion"
마주치다,Collide with
막상,"Really, actually"
몸통,"The trunk,body"
못,A nail
묘사하다,To describe
미술관,Fine arts museum
베다,"Cut, chop"
보장되다,Be secured
볼,Cheek
부분적,Departmental
불고기,Roast meat
불리다,"soak,steep"
불행,Unhappiness
비명,A scream
순수,"purity,genuineness"
시각,The time of day
실질적,"substantial,essential"
안개,Fog
여름철,Summertime
오로지,"Only, solely, exclusively"
완성하다,"To accomplish, to end successfully"
이런저런,"This and that, one and another"
임무,"A duty, an office, a task"
자연히,Naturally
장난,"A game,playing"
저런,"Such a, that sort of"
전용,Exclusive or private use
지극히,"very,extremely"
청하다,"ask,request"
확정,"decision,settlement"
가상,Imagination
각자,Each one or every one
간혹,Occasionally or at times
개방하다,To open or to throw open
관계되다,Be affected or influenced by
국산,A country’s product
그해,That year
꺼지다,To go or die out
꼭대기,The top
끊어지다,To break off or expire or be done with
도,Road
마이크,Mike
메우다,"To carry,attach;put on"
면적,"area,dimensions"
목욕,A bath
반성,Reflection
벌떡,"Suddenly, abruptly"
보상,Compensation
분리되다,To be segregated
빚,Debt
새기다,"To sculpt,engrave"
서민,Common people
석,"A seat,sitting place"
선정하다,"select,choose"
세다,Count
소수,"A small number, a few"
쇼,Show
수학,Mathematics
시어머니,one’s husband’s mother
시집,one’s husband’s home/family
연간,For a year
영화제,Movie festival
예측하다,"To predict, forecast"
용도,"use,service"
의심,A doubt
이동하다,"To move,migrate,travel"
자극하다,To stimulate
재빨리,"quickly,rapidly"
적합하다,"suitability,fitness"
전화번호,Telephone number
조절하다,"To regulate,tune"
조정,"regulation,control,coordination"
중얼거리다,Mutter to oneself
지급하다,"To pay,allow,furnish sth"
확장,"expansion, enlargement"
힘차다,"Be forcible,powerful"
건조,Dryness or aridity
고요하다,Be quiet or silent or still
그대,You or thou
그립다,Beloved or sweet or affectionate
긋다,1) draw or mark 2) strike
기둥,A pillar
긴장하다,To become tense
날카롭다,Sharp
논하다,"Argue, discuss,debate"
느리다,"Be slow, tardy"
도덕,Immorality
뒷모습,The features of the back side
만,10000
만만하다,"Be soft, tender ; to be easy to handle, deal with"
못되다,To go wrong
보고하다,Report to a person
사무소,Office
사촌,a cousin
상,A prize
상인,"merchant,trader"
선언하다,"declare,proclaim,announce"
소원,one’s desire
수입하다,To import
식다,"To get cold, cool off"
엿보다,Wait for an opportunity
완성되다,To be accomplished
유적,"Remains, relics,ruins"
일생,one’s lifetime
입히다,"Clothe, dress"
잡아먹다,Slaughter and eat
정보화,Change to an information orientation
종종,A variety of things
지갑,"A purse,wallet"
차다,"Put on, fasten,wear"
창작,"Creation, origination"
축소,"Reduction, a cutback"
취향,"Taste, liking, one’s inclinations"
친절하다,"To be kind, to be nice"
카운터,"Counter, where you pay"
탄생하다,To be born
하숙집,"Dormitory, boarding house"
학급,A class (school)
해군,The navy
효율적,"The utility factor, efficiency"
가슴속,one’s heart feelings
간,A salty taste or saltiness
간판,A signboard
건드리다,1) touch or jog 2) irritate or vex
관리하다,To manage or control or supervise or manage
괴로움,Trouble or annoyance or distress
근거하다,To base sth on sth
금액,Amount ofmoney
다행히,Fortunately
달래다,Calm down
말리다,Make stop
맘,Heart
먹다,"VST + 먹다 , adds no meaning"
명절,Festival days
못하다,"Be inferior, worse than"
바이올린,Violin
밝혀내다,To find out
부서지다,"Break, be broken"
비행,"Flying, aviation"
상관없다,To not be of concern
성립하다,"To exist, to come into being"
수명,Life span
시즌,Season
신기하다,"To be marvelous,astounding"
업다,"To carry on one’s back, to shoulder sth"
예감,"A presentiment, a premonition"
음식물,Anything to eat or drink
자신감,Self-confidence
죄인,A criminal
주의하다,Pay attention to
준비물,Stuff that needs to be prepared
천,"Cloth, woven stuff"
출입,Coming and going
쾌감,"A pleasant sensation, a good feeling"
탄생,Birth
튀다,"Spring, bound, jump"
하필,Why necessarily? Why of all things?
활용,Practical use
회색,Gray
거액,A large sum of money
고교,High school
고집하다,To be stubborn or persistent
곧잘,1) fairly or pretty well 2) frequently or too often
골짜기,A valley or gorge
교훈,Edification or giving instructions to
구르다,Roll over
글씨,1) Handwriting 2) a letter or an ideograph or a character
노래방,Singing room
단편,"A piece, fragment"
대처하다,"Disposal, treatment"
매다,Tie
머리카락,Headhair
명확하다,"clear,precise"
발걸음,"Gait, step"
발길,"A kick; walking pace, steps"
벌레,A bug
빼앗기다,A thing be taken away
생산자,A producer
선진,"seniority,advance"
성인,An adult
소매,1)a sleeve 2) a retail sale
시멘트,Cement
신규,"A new regulation, a new project, sth new on a big scale ; work being done anew"
신청하다,To apply (for)
실은,"In reality, to tell the truth"
심판,"referencing,umpireship"
안기다,to be embraced by sb (in their arms)
양심,Conscience
이사장,A director
이자,Interest
익숙해지다,To become accustomed to
자세하다,Be detailed
저거,That thing over there
저축,"savings,saving"
제비,A swallow
제안,"A proposal,suggestion"
제안하다,"To propose,make a suggestion"
증세,"Symptoms, a patient’s condition"
지난날,"Old days, old times"
진급,Promotion
콩나물,Bean soup
튀어나오다,"Jump out, spring out"
표준,"A standard, norm, criteria"
항구,"A port, a harbor"
허용,"Permission, allowance"
헬기,Helicopter
간신히,Narrowly or barely. 겨우
갈아입다,Change one’s clothes
감다,Wind up
같이하다,To do together or to share
거짓,Fabrication or fiction
거품,Bubble
걸어오다,Come on foot or walk
공군,The air force
기술자,Technician
나물,"Herbs, wild greens"
년생80,Year of birth
달리기,"A run, a spin"
대도시,Large city
도둑,"A thief, a burglar"
도전,"Challenge, defiance"
면,Subdivision of a county
모자,A hat
보조,"assistance,aid"
불리하다,"to be disadvantageous,unfavorable to/for"
불편,Inconvenience
비비다,"rub,chafe"
사과,An apology
살아나다,"revive,be brought back to life"
소파,Sofa
속이다,"deceive,cheat"
수면,"sleep,slumber"
수천,Thousands
스무,20
승부,"A contest,match"
시기,"The time, the season"
신념,"belief,faith"
신입생,A new student
어린아이,"A youngster, a child"
어쩐지,"(1) somehow, in a strange way ; (2) in combination with an ending giving a reason to place stress on the action of the verb"
여간,"Some, a little (여간 ~지 않다 means very very ~다)"
역,A railroad station/depot
연락하다,"To contact, get in touch with"
영향력,"Influence, power to influence"
예의,"Courtesy, politeness"
이내,"within,less than"
이리저리,"This way and that, here and there"
인간적,Personal
인사하다,"To greet, say hello"
임금,"A king, ruler,sovereign"
잘나다,"To be handsome,excellent"
재능,"talent,ability"
지불하다,To pay
파출소,"Small, local police box"
판,Board
한문,"Chinese writing, chinese classics"
건네주다,To pass over or to put on the other side (of a river)
결승,The decision of the final round of a contest
공공,The public or the common
교양,Culture or education
국왕,A king or a monarch
규칙적,Be regular or systematic
극복,Conquest or subjugation
글쎄요,Now or well or let me see
내려지다,To become lower
냉동,Refrigeration
녹다,To melt
대개,"Mostly, for the most part"
배추,Chinese cabbage
센터,Center
수염,Beard
수집하다,To collect
승객,Passenger
싱싱하다,"Be fresh, full of life"
아아,Oh-oh!
어리다,one’s eyes dim with tears
여권,A passport
열쇠,Lock
오렌지,Orange
외모,Outward appearance
인공,"Art, human skill"
잠자리,Bed
장남,The eldest son
저마다,"Each one, everyone"
전국적,National
전반,"The whole, all, general"
제자리,The proper/original place
지루하다,Be tedious
척,A few ships (vessels)
포도주,Grape wine
학술,"Science, learning, scolarship"
혈액,Blood
화살,An arrow
화재,"A fire, a blaze"
가르다,1) split or divide 2) distribute or share 3) distinguish or separate
각각,Each and every
간격,A space or interval
고함,A shout or yell
공격하다,To attack
그놈,That person or that guy
기록되다,To be recorded or written down
끝없다,Endless or unfathomable
끼어들다,Interrupt
노선,Route
답,Answer
대사,"Speech, dialogue"
도망치다,To make an escape
독서,Reading
땅속,In the soil
벌금,A fine
복,"luck,happiness"
봉사,"service,attendance"
부서,"one’s post,duty"
성,"castle,fortress"
소형,Small size
신인,A new man
악몽,Nightmare
안내,"Guidance, conducting"
앞뒤,Before and behind
언덕,A hill
열정,Passion
오페라,An opera
입맛,"Appetite, taste, palate"
재즈,Jazz
적응하다,"Be suited to, adapted to"
절대,Absoluteness
접시,"A plate,platter"
제공,An offer
지나치다,"Go too far, to go to extremes"
참가,"participation,joining"
체중,Body weight
추석,Korean thanksgiving
충돌,"A collision, clash; discord"
통로,"A passage, a way, an aisle"
포장,"packing,wrapping"
해소,"Dissolution, disorganization"
현관,"The porch, the entrance"
현대인,A modern person
혜택,"A favor, benefit"
호수, A lake
확,"With a burst, great puff"
건너가다,To cross or go over (river or street)
골고루,Evenly or among all indiscriminately
구석구석,Every nook and corner
그제서야,Then
껌,Gum
녹색,Green
막내,The lastborn
반복되다,To be repeated
발전,Generate electricity
방해,"An obstacle, hindrance"
번호,A number
벼,A rice plant
본인,Person in question
상점,"A shop,store"
수백,Hundreds
실장,"boss,president"
쓸쓸하다,"Be lonely,lonesome"
악수,Handshake
애,"Troubles, worries"
어지럽다,"To be dizzy 2) to be in chaos, disorganized"
어찌하다,"Be subject to an attack of vertigo (figuratively), to not know what the hell is going on or what to do."
예정되다,"Make a program, set a schedule"
이중,"duplication,double"
인원,The number of persons
인정받다,To receive recognition
인터뷰,Interview
입학하다,To enter/be admitted into a school
자랑,Pride
저것,That thing over there
정문,"The front gate,main entrance"
착각,"Hallucination, illusion"
창,Window
친정,A woman’s maiden home and family
켜지다,To become turned on
타입,Type
팩,Pack
표시하다,"To make a sign, display"
행하다,"To do, act, behave"
활짝,"extensively,widely"
감상하다,To show appreciation
개별,An individual or a particular case
공식적,Formal or procedural
그런대로,Such as it is or anyways
기독교,Christianity
깨달음,Realization
끼다,To smoke
넘어지다,"Fall down, collapse"
눈부시다,To be dazzling
단점,A weak point
마음먹다,Be determined to
목록,Catalogue
반복하다,To repeat
반성하다,Examine oneself
별명,"nickname,alias"
보전,"ingegrity,preservation"
불어오다,Call to come
소유하다,"To possess,hold"
수박,Watermelon
스위치,Switch
신세,"indebtedness,obligation"
알아내다,To find out (e.g. the answer)
암,Cancer
야단,"A clamro, uproar 2) a scolding"
얘,Yes.
엔,Yen (japanese)
연결,"Connection, linking"
연관,"a connection, a grouping together, relationships"
용서하다,"To pardon, to forgive"
우정,Feeling of friendship
육군,The army
음식점,Restaurant
의논하다,"To consult,confer with, talk over a matter"
인분,How many people counter for at restaurants
주요하다,"To be chief,principal,leading"
죽,Rice porridge
차마,For all the world
참조,"reference,comparison"
첫째,The first
타고나다,"Be born, gifted/endowed with"
태우다,"To take in a car, give a ride to"
행사,"Use, exercise"
향수,A perfume
허용되다,"To be permitted, approved"
가입,Entrance
가정,Supposition
과자,A snack or pastries or candy
교체,Shift or change or alternate
김,"Seaweed, laver"
꼬마,A dwarf
끝없이,Boundlessly
나르다,"to move a long or semi-long distance (not just within a room); Carry, convey, transport"
놀리다,"Banter, tease"
늘어놓다,"(1) Scatter about haphazardly ; (2) 으로 늘어놓다 to arrange, place in order"
닫히다,"To shut, be closed"
대표하다,Represent
대학교,University
도로,"Back, same as ever, same as it was before"
막걸리,A slightly bitter soju drink
맡다,Smell
미스,Miss
밀리다,"to be left undone, to be late in making a payment (to fall into arrears) (2) to be pushed, shoved"
밥그릇,A rice bown
방문,A door of a room
병들다,Get sick
부러지다,"Break, get broken"
불꽃,"flame,blaze,spark"
상대성,Relativity
설문,questions like those on a questionnaire
소설가,Novelist
쓸다,"brush, sweep perhaps lightly"
안녕히,Peacefully
안팎,"The interior and exterior, both sides"
예방하다,"To protect, prevent, fend off"
올,"Coming (year, week)"
유의하다,"To bear in mind, be heedful of"
유학,Confucianism
이해되다,To be understood
인하,"reduction,lowering"
작성,"editing,composition ; filling out a form"
잘리다,"Be snapped,broken,cut off"
전달,Delivery
전시회,"An exhibition, show, display"
전화하다,To call
전환하다,"To exchange, to convert, to change over"
정치학,Political science
좌석,A seat
주문,"An order, a request"
집안일,Housework
체계적,"Systematic, organizational"
출근,Going to work
크림,Cream
탁월하다,"Be excellent, prominished"
텅,Hollow
토하다,To vomit
푹,"Completely, entirely"
한순간,One fleeting moment
가사,Words or lyrics
가입자,Member or subscriber
감소하다,To reduce or diminish
개구리,Frog
결과적,Resultative
괴롭히다,Afflict or worry
구별,A distinction or a separation
깨우다,To wake up or awaken
끈,A string or a cord
끊기다,To be cut off or severed
끊임없다,To not end
넉넉하다,To be enough
두어,"About two, a couple"
마약,A drug
밑바닥,"The bottom,base"
보도되다,To be reported
보리,Barley
본부,The headquarters
부,"wealth,riches"
성숙하다,"to ripen, to mature"
소극적,"Passivity,passiveness"
소용,"use,usefulness"
손질하다,Handle with care
수건,Handkerchief
순식간,A brief instant
시도,"An attempt,test"
시집,A collection of poems
아무개,Mr. so-and-so
약점,"A weak point, a vulnerable point"
양복,Western European style clothing
어째서,"For what reason, why is that"
얼다,"Freeze, be frozen"
여,"A woman, a girl"
연령,"Age, years of age"
예비,"Preparation, reserve"
울음소리,Sound of crying
이놈,That rascal!
이력서,"Curriculum vitae, a resume (for a job)"
인정되다,To be recognized
잠자다,Fall asleep
젓가락,A pair of chopsticks
주년,One whole year
중단하다,"To interrupt, to stop"
중대하다,"importance,gravity"
중심지,A central place
집중적,Related to the concentration
참되다,"To be true, honest, faithful"
초청,An invitation
출판사,A publishing company
탁자,"A table, desk"
토끼,A rabbit
퍽,"Very, very much"
풍속,"Manners, customs, morals"
피아노,Pian
핑계,Excuse
한층,"More, still more"
행운,"Good luck, good fortune"
가로막다,Interrupt or obstruct
간섭,Interfere or meddle
갈증,Thirst
갑작스럽다,All of a sudden
교환하다,To exchange
그래야,And so or and then
기원,Origin
길가,The roadside
난리,"A war, revolt"
남매,Brother and sister
내버리다,Throw away
미사일,Missile
발가락,A toe
보존,Preservation
보호되다,To be protected
뵙다,"see,meet"
부치다,"to send, to post"
상관,"Concern, relation"
설명되다,To be explained
섭섭하다,"Be sorry,disappointed"
세,"A generation,age,epoch"
세련되다,"To be polished,refined"
손쉽다,"Be easy, simple"
안주,Appetizers for alcohol
어린애,"A youngster, a child"
열기,"Heat, hot air"
옷차림,"Dress, one’s way of dressing"
위로하다,"To console, soothe somebody"
이같이,"Like this, like so"
인형,A doll
일치,"Agreement, accord"
재생,"revival,restoration to life"
전철,An electric railway
찢어지다,"To be torn, rent"
철학자,Philosopher
축하하다,To Congratulate sb
컬러,Color
통화,Conversation by telephone
특이하다,"Be peculiar, special, unique"
필연적,"Necessity, necessary"
하룻밤,"One night, a single night"
흘러내리다,"Run (stream,pour) down"
가짜,Fake
강도,Intensity or strength
곰,Bear
급히,Fast or quickly or in a hurry
기념,Commemoration
나아지다,"Become better, be improved"
넘어오다,"Fall, come down"
매너,Manner
민속,Folk-customs
버려지다,"Take away, throw away to somewhere"
빗물,Rainwater
사위,"environment,surroundings"
설날,New Year’s Day
설득하다,Persuasion
손질,"handling,care"
손톱,Fingernail
식빵,Bread
아르바이트,Part time
외로움,Loneliness
외우다,Recite from memory
운전자,The driver
유리창,A window which uses glass
입대,"Enlistment, enrollment"
적성,Aptitude
전망하다,"Have a view of, observe"
집단적,Collectively (of people)
차이점,A point of difference
찬물,Cold water
철도,Railroad
총각,"A bachelor, an unmarried man"
캠페인,Campaign
태풍,Typhoon
한눈,"A look, glampse, look"
햇볕,"Sunbeams, sunlight"
홍수,"A flood, inundation"
가뭄,A drought
간접,Indirectness
강력히,With great strengh or or might
개선되다,To be renovated or to get improved
건네다,Speak to a person or address
게,A crab
결심,Determination or resolution
곧장,Directly or straightforwardly ; to do something straight away
교직,The teaching profession
구속하다,To arrest or restrain
귀중하다,To be precious
긁다,Scratch or scrape
금지하다,To restrain or prohibit
기사,Technician
기숙사,A hostel or residence hall
나뭇잎,Tree leaves
내쉬다,Exhale
넓어지다,Get wider
늘어지다,Be lengthened
단독,Independence
마당,"An instance, case"
마음껏,As much as you want
몰려들다,Be driven into
미팅,Meeting
바,Bar
바퀴,Wheel
발자국,Footprint
뱉다,Spit
벌어지다,"Widen, get wider"
보너스,Bonus
산책,"A walk,stroll"
생기,"animation,life"
서적,"books,publications"
소화,Digestion
수험생,A student preparing for an examination
시끄럽다,"To be noisy,boisterous"
신세대,The new generation
안기다,"(1) To fix on a person, lay the blame on a person (2) to throw onto sb, to pass onto sb, to pawn off onto sb, to hand over to sb"
어기다,"Run counter to, go against"
어때,What do you think?
엘리베이터,Elevator
연구원,Researcher
연애,"Love, tender, passion"
연휴,Consecutive holidays
요약하다,"summary,condense,abridge"
운동하다,To do exercise
월요일,Monday
위성,A satellite
의외로,"unexpectedly,surprisingly"
이모,A maternal aunt
자살,Suicide
제시,Presentation
제외되다,To be excluded
조카,Nephew
주소,An address
찍히다,"Get sealed, stamped"
철,Steel
취직,"Employment, getting a job"
타락,"depravity,corruption,degradation"
통화,"Currency, the unit of circulation"
틀림없이,No mistaking it
파티,Party
회관,An assembly hall
계획하다,Plan or make a project
공연장,Auditorium
국적,Nationality or citizenship
근래,Of late or recently
나뉘다,Divide
낱말,A word
내외,"Men and woman, husband and wife"
냄비,A pot
늑대,Wolf
늘어서다,Stand in a row
다정하다,"To be affectionate, warm-hearted"
달다,to be sweet
달려들다,"Run, rush, jump at"
망원경,Telescope
모범,"model,example"
무리하다,Be impossible
묶이다,Be fastened together
방해하다,"Interrupt, interfere"
뱀,Snake
벌,Set (of clothes)
뵈다,Contraction of 보이다
상류,"The upper classes,upstream"
석,Three (in 3 months)
선명하다,"To be clear,distinct"
선호하다,To prefer
성공적,Successfully
소규모,Small scale
수시로,"On demand, per the demand of the occasion ; all the time, at any time"
시야,Visual field
실현되다,"To realize,bring to fruition"
아니야,"No, that’s not the case"
어느덧,Before one knows it
오르내리다,"Go up and down, rise and fall"
왕자,Prince
우수하다,"to be superior,excellent"
유명,"fame,celebrity status"
유형,A similar type
으레,"customarily,habitually"
일상적,"Daily, of the everyday things"
일일이,"One by one, individually"
전공하다,To major in something
전후,"sequence,order,front and rear"
정상,"normalcy,normality"
정상적,"normal,like usual"
질적,Qualitative
척,To appear or look as
철,Season (the 4)
청소하다,To clean
충격적,Shocking
치아,A tooth
편의,"Convenience, expediency"
폐지,"Abolition, to not use, to do away with"
해설,"Explanation, elucidation"
헌,"Old, shabby, worn-out"
흑백,Black and white
희생,A sacrifice
가까워지다,Get closer
감사하다,To thank
강도,A robber or burglar
경비,Expenses or outlay
경제력,Economic power
금하다,1) suppress or restraint 2) abstain from or restrain from
기대되다,To be expected
깊숙이,Deep or far
꿀,Honey or nectar
넘어뜨리다,Throw down
농사짓다,To do farming
단단하다,"Be hard, solid"
담당자,Person in charge
답변,An answer
대비,"Provision, preparation"
대체,"An outline, summary"
더욱더,More and more and more
도심,The heart of the city
마찰,"Rubbing, chafing"
마크,a company logo
만족,Satisfaction
망치다,Ruin
메뉴,Menu
모금,Money raising
묘사,Description
문화적,Cultural
묻히다,"Have smeared,be covered with"
미혼,Unmarried
발전되다,"Be advanced, prospering"
방송사,Broadcasting company
방지하다,"To prevent, check"
사표,A written resignation
삼가다,"Be discreet,take care of ; to abstain (refrain) o.s. from doing"
생방송,A live broadcast
셋째,The third
소홀히,"carelessly,indifferently,neglectfully"
손발,Hand and foot; the limbs
쌍둥이,Twins
안내하다,To lead the way
앉히다,To place a person in a set
영하,Below zero
옆구리,"The side, the flank"
외교관,A diplomat
외국어,"A foreign language; sometimes, only means English"
웬만하다,"To be just only barely passable, fairly good"
유행하다,"To be in fashion, to be popular"
으응,Ugh!
이어서,Subsequently
자장면,Black chinese noodles
자정,Midnight
종합하다,"synthesize,integrate"
중학생,Middle school student
짜다,"Squeeze, press out"
참,"At the point of, when"
채,House counter
최후,"The last, the end, the conclusion"
취재,"Selection, picking out of news articles (by a reporter)"
테러,Terror
토론회,A debating society/contest
한잔,A drink of liquor
호주머니,A pocket
휴일,"A day off of work, a holiday"
가난,Poor
가죽,The skin or hide or leather
관계없이,Without any relation
군,A county or district
기다,Crawl or creep
다툼,A quarrel
달력,A calendar
대,One piece
대낮,Broad daylight
데려가다,Take with
도자기,Porcelain
모조리,"One and all, wholly"
변경,"Change, alteration"
부지런히,Diligently
사슴,Deer
삼촌,"An uncle (usually on the father\’s side)(외삼촌 a brother of the wife, an uncle on the mother\’s side)"
상당수,plenty/a lot of
소풍,Picnic
속옷,Underwear
손목,The wrist
손실,Loss
슬쩍,"Secretly, on the sly, stealthily"
시나리오,Scenario
신문지,Newspaper paper
실컷,To one’s satisfaction
양보하다,"To make a concession, recede"
엔진,Engine
용,A dragon
운행,"movement,revolution"
이대로,As it is
인간성,Human nature
인상적,Impressive
자라나다,To grow up
전시,"exhibition,display"
조그마하다,"Be tiny,small"
주차장,Parking lot
주한,Residing in korea
중년,Middle-aged
지다,"To fade away, come off"
찌꺼기,"drugs,sediments,remnants (tea grounds)"
춤추다,To dance
테니스,Tennis
파리,A fly
포스터,Poster
포함,"inclusion,comprehension"
형식적,Related to the form
후회하다,To regret
가이드,Guide
가입하다,Join
감소,Decrease or dimunition
고르다,Flat or even
고속도로,Freeway or highway with no street lights
공책,Notebook for taking notes and studying
구분되다,To be put into sections
구입,Purchase or buying
기여,Contribution or service
기호,Taste or likes
꾸리다,Pack up or bundle up
낭비,Waste
내외,The interior and exterior
대략,"an outline, summary (2) generally, on the whole"
덮이다,Be covered
도리어,On the contrary
멋있다,"stylish,tasteful"
멸치,Anchovy
바람,"A wish, hope"
발목,Ankle
밤늦다,It is late at night
방울,A drop
배,Pear
벌,A bee
보관,"custody,deposit"
보살피다,Take care of
보완하다,"to supplement and make complete, to complement sth"
보존하다,"preserve,conserve"
빨다,"sip,suck"
빼놓다,"exclude,leave out"
사상,In history
사춘기,"adolescence,puberty"
상반기,"The first,upper half"
서점,A bookstore
선전,Propaganda
설립하다,"found,establish"
수집,Collection
수필,An essay
신기하다,"To be novel,original"
신비,Mystery
신설,A new theory
실감,Actual feeling
실망,Disappointment
쓰다듬다,Stroke one’s beard
알루미늄,Aluminum
알아주다,"acknowledge,recognize, appreciate"
양말,A sock
여우,Fox
와,Holy cow!
외출,"Going out, an outing"
용기,"A container, a vessel"
웨이터,Waiter
유발하다,"To induce, bring about, cause"
유지되다,"To be maintained, preserved"
자가용,For personal/family use
잡아당기다,Pull
점검,"inspection,examination"
정원,Garden
조기,"An early stage,period"
존경하다,Respect
종,A bell
종소리,The sound of a bell
중순,The second 10 days in a month
지각,"perception,consciousness"
직선,A straight line
참외,A melon
체하다,"pretend,feign"
체험하다,"To experience, to undergo"
초대하다,To invide
총,A gun
칭찬하다,To praise somebody
코치,Coach
통일하다,"To unify, consolidate"
패션,Fashion
프린터,Printer
피디,PD – a newspaper article
하나하나,Each individual piece
학위,Academic rank
회의,"Doubt, skepticism"
가로등,A street light
감,Feelings
개개인,Individuals or every person
걷다,1) Roll back /up one’s sleeves 2)fold or furl up 3) finish work
고집,Persistence or stubborness
금,Gold
급격히,Be rapid or sudden
기능,Ability or capacity or skill
기막히다,Be at a loss for words
나누어지다,To become divided
낙엽,Fallen dead leaves
넘겨주다,Hand over
논리적,Logical
다가서다,"Step up, go near to, come closer"
대기하다,Be ready for the opportunity
대접,Treatment
말다,"Roll up, convolve"
맞은편,The other side of THIS IS ONE WORD
멋,Smartness
면,Cotton
박,Staying the night
밤하늘,Night sky
변명,"Explanation, vindication"
보자기,A diver
부상,"A wound,injury"
분리하다,"To separate, break away from"
붙들다,"catch,seize,grasp"
사들이다,"buy,purchase"
상관없이,Without anything to do with
새우,"lobster,shrimp"
선원,"A crew, a ship’s company"
설사,Diarrhea
실망하다,To disappoint
심해지다,Become deep and serious
씨름,Wrestling
아쉬움,Sense of missing
앞길,"The road ahead, outlook"
약해지다,To become weak
어젯밤,Last night
엉망,"A mess, in bad shape"
여관,"A hotel, an inn"
여쭈다,"Tell a superior, inform"
연습하다," To practice,exercise"
연출하다,"Produce, present (a play)"
열중하다,"Enthusiasm, zeal"
영웅,"A hero, a great man"
오,"Oh, ah!"
유산,"An inheritence, property left behind"
의도적,Purposefully
이따금,From time to time
임신부,An expectant mother
장기적,Long-term
재주,"ability,talent"
전설,"A tradition, a legend"
절,"clause,paragraph"
젖,The breasts
조르다,"To tease, urge sb"
주문하다,"To order, to request"
주사,"A shot, an injection"
지겹다,"To be tedious,tiring"
짐작,"guess,conjecture"
쫓겨나다,Chase away ; to fire from your job
찢다,"Tear, rend, split"
채널,Channel
출근하다,To go to work
취소하다,"To cancel, calloff"
취업,"Employment, finding a job"
칠하다,"Paint, coat"
타오르다,"Blaze, light up"
탁,"(1) With a bang, with a snap (2) widely"
평,A criticism
평화롭다,To be peaceful
표시,"A sign,signal"
표시,"A sign, signal"
하반기,The second half of the year
한구석,"A corner, a nook"
한하다,"Limit, restrict"
해답,"A solution to a problem, an answer to a question"
해소하다,"To be dissolved, disorganized"
허락하다,"Consent, agree to"
확립하다,"establish,settle,fix"
확신하다,To be confident of
흥분,"excitement,excitation"
흥분하다,be/grow excited
힘겹다,To be not strong enough to do
감수성,Receptivity or susceptibility
거들다,Help or assist or lend
건너편,The opposite side
경치,A scene or scenery
급속히,Rapidly or swiftly
급증하다,Surge or sudden rapid increase
깔끔하다,Be sleek and smart
꼼꼼하다,"very careful or meticulous, doing it in a very detailed manner"
낮아지다,Become lower
단순,Simplicity
대사,an ambassador
두세,Two or three (months)
매,"whip,rod,cane"
먹고살다,Make one’s living
멎다,Stop
면담,An interview
모집,Collection
모퉁이,Corner
바구니,Basket
바싹,Completely
발달되다,Be developed
발음,Pronunciation
방울,A bell
보름,"15days,the 15th day"
봉지,Bag
부딪히다,Be bumped into
비상,Emergency
비서,Secretary
뿌리치다,"Shake off, refuse"
사업자,Businessman
상대편,The other party
세트,Set
소망,"desire,wish,hope"
수동적,Passively
술잔,A glass for alcohol
슬그머니,Furtively
시장,Mayor
시청률,Popularity rating
신문사,Newspaper company
여군,A woman soldier
연인,A sweetheart
연장,"Extension, prolongation"
열흘,Ten days
예선,A preliminary match/election
옥수수,Corn
원,A circle
은행나무,A ginko tree
이웃집,The neighbor’s house
자부심,Pride
장차,"In the future, someday"
재미없다,Boring
저편,"That side,direction"
정신과,Psychiatry
제도적,Systematic
조절,"regulation,adjustment"
주거,"residing,dwelling"
주스,Juice
준비되다,To be ready
중단되다,"To be suspended,stopped"
중요시하다,Attach great importance to
지점,Branch store
진단하다,To diagnose
콜라,Cola
타다,"Get, receive, take your share of the money (회사에서 월급을 타다)"
편견,"A prejudice, a bias"
플라스틱,Plastic
환율,The exchange rate (money)
활기,"Vigor, life, vitality"
강사,Instructor or teacher
강수량,How much rainfall
교대,Alternation or change
구청,A ward or district office
국내외,The inside and outside of a country or home and abroad
금지되다,To be forbidden or prohibited
기도하다,To pray
기성08,To be already existing or established
깨뜨리다,To break or crush
꼼짝,Cannot move
남학생,Male student
농사일,Farming
농장,"A farm, plantation"
데이트,Date
마음가짐,Mental attitude
머리칼,Hair
모,"A certain person, mr. Jones"
바퀴,Cockroach
번개,Lightning
변화되다,To be changed
부러워하다,"envy,be envious of"
부재,Absence
사망,Death
생,"1) raw,uncooked 2)living"
서늘하다,"Be cool,refreshing"
성경,The Bible
소요되다,Be needed
소화하다,To digest
순간적,"instanteous,momentary"
시집가다,To take a husband
시청,City hall
싶어지다,To come to want
씌우다,Put a hat on somebody
야간,The night time
엇갈리다,"Cross, miss eachother"
엷다,"Be thin, light"
오락,Entertainment
오른손,The right hand
우아하다,"To be elegant,refined"
이것저것,"This and that, one thing and another"
이슬,"Dew, dewdrops"
인간관계,Human relations
장기간,For a long period
저자,"A writer,author"
전선,The battle line
정지,"stop,an interruption"
제의하다,Make a suggestion
조명,"lighting,illumination"
조화되다,"harmony,agreement"
줄거리,"A stalk, a stem"
중단,"interruption,suspension"
차선,A traffic lane
착각하다,"To misunderstand, to deceive oneself, to be having illucinations"
초상화,"A portrait, a picture"
출장,A business trip
쿠데타,Coup d’etat (overthrow of the government)
퇴근,"Leaving one’s office, coming home from work"
특수성,"Particularity, distinctiveness"
항공기,An aircraft
활발히,"briskly,actively"
회화,"Conversations, talk"
흥미롭다,To be interesting
가져다주다,Take something to someone
각오,Readiness or preparation
개방되다,To be opened
겨자,Mustard
경고하다,To warn
경제학,Economics
골프,Golf
관심사,A matter of concern and interest
구별되다,To be separated andistinguished
국사,The history of a country
굳히다,Harden or make hard
귀국,Returning to one’s home country
그간,The while or during tha time
그럴듯하다,Be plausible or specious or likely
극작가,A dramatist
기23,A flag or a banner
기울다,To tilt or lean
기적,A miracle
끌리다,To be drawn or pulled or dragged
내보내다,"Let out, let go out"
담,"A wall, fence"
따스하다,Feel warm
말투,One’s way of talking
명령어,Directive
목욕탕,A bathhouse
미끄러지다,Slippery
바닷물,Sea water
변신,"Disguise, transformation"
부친,A father
붙잡히다,Be caught
브랜드,Brand
빨다,Wash the laundry
사무,Office work
사소하다,"Be trifling,insignificant"
상,"A table,small desk"
상쾌하다,"Be refreshing,exhilirating"
성,"A family name,surname"
손길,An outstretched hand
순위,"order,ranking"
식사하다,To eat a meal
쌍,"A pair,couple"
썰렁하다,"chilly,feel cold"
암시,"A hint, suggestion"
앞날,"The futre, the days ahead"
역사상,In history
연주,A musical performance
우울하다,"To be melancholy, gloomy"
우체국,A post office
울리다,To make (a baby) cry
육상,"On land, on the ground"
음주,Drinking (alcohol)
이별,"Parting, separation; divorce"
인재,A man of ability
인종,A human race
일시적,Of a day
재밌다,"interesting,fun"
전문적,Of a specialist nature
젊음,Youth
점잖다,"To be dignified,well-bred"
조개,"shellfish,clam"
주무시다,To sleep (respectful word)
중계방송,"A relay, a hookup"
중독,Poison
지급,"supply,pay"
진실하다,"Be true, truthful"
차창,car/train window
초청하다,To invite
출발점,The starting point of a trip
출판,"Publication, publishing"
출현하다,"Appearance, turning out"
클럽,Club
키스,Kiss
탈출하다,"To escape, get away from"
판사,A judge
허락,"Consent, assent, approval"
확신,"Conviction, firm belief"
흐리다,Cloudy (weather)
걱정스럽다,Anxious or uneasy
건설되다,To become constructed
고개,the peak or crest (of a hill)
고프다,Hungry or famished
그제야,For the first time or not … until
금연,Prohibition of smoking
기성세대,Old people
기술하다,To describe or give an account of
까치,Magpie
꿈속,In a dream
나비,Butterfly
남북,North and south
납득하다,"To convince, persuade oneself"
단,A grade or class
대사관,Embassy
독창적,Original
만점,Perfect score
매달,Every month
모여들다,"gather,flock"
묵다,Get old
바깥쪽,The outside
배고프다,To be hungry
버섯,Mushroom
보수,Conservation
보안,Preservation of the public peace
뵈다,See (polite)
부,"assistant,deputy"
비웃다,"Laugh at, ridicule"
비키다,Move aside
사나이,"A man, a male"
사모님,Older more respected ajuma
삼,Three
상징적,"symbolic,emblematic"
색다르다,"Be different,novel"
세미나,Seminar
세제,"detergent,cleaning material"
속삭이다,Whisper
시일,"time,days"
시합,"A contest,match"
신속하다,"Be quick,rapid,speedy"
신제품,A new product
신중하다,"To be prudent,cautious"
썩,"Very much,greatly"
암컷,"A female,a she (opp. 수컷)"
여행하다,To travel
예고하다,"Warn, give advance notice"
위반하다,To violate (the law)
윗몸,The upper body
은은하다,"To be distant,faint,indistinct"
이해관계,Mutual understanding
익히다,"cook,boil"
일대,One great/large
입력,Power input
자연현상,Natural phenomena
정류장,"stop,a station,bus-stop"
정신없이,Feel distracted and scatter-brained
정직하다,"honesty,uprightness"
조정하다,"To regulate,adjust,coordinate"
주름,Wrinkles
중요,"importance,consequence"
챔피언,Champion
최신,"Newest, the latest"
축하,"Congratulation, celebration"
취소,"Cancellation, anulment"
캐릭터,Character
커튼,Curtain
팬,"A fan, an enthusiast"
해롭다,"To be harmful, injurious"
현관문,The front door
활발해지다,To become lively
회복되다,To be recovered
희생하다,To sacrifice
가능해지다,To become possible
겨울철,The winter season
고추장,Red pepper paste
골프장,Golf course
공연히,Futile or vain or useless
과정,A course or curriculum
국수,Noodles
국제적,International
그루,1) a root 2) stubble
그전,Former days or the past
금고,A safe or strongbox
꾸중,"Scolding, a rebuke"
끌어당기다,To draw near
끼,A meal or a repast
능동적,"Activity ; voluntary, of its own nature (opp. 수동적)"
달빛,Moonlight
당분간,For the present
도움말,Helping words
뒷산,The back side of a mountain
만족하다,To be content
맵다,Spicy
메다,Put on one’s shoulder
몰려오다,Come in crowds
물질적,Material
미인,A beautiful girl
믿어지다,Become believable
반죽,Kneading; dough
반지,Ring
밤,Chestnut
배치,Arrangement
백인,Caucasian
본,An example
본사,Main office
부르다,To be full
불평등하다,Inequality
비타민,Vitamin
빌딩,Building
빠뜨리다,"Throw into (a river); entice, entrap"
산속,The heart of a mountain
새로이,"newly,afresh"
서양인,A Westerner
소지품,one’s things
송이,"A bunch,cluster"
쇠,Iron
수컷,A male of the species
승리하다,To win
식초,Vinegar
심부름,Errand
씨앗,Seeds
야외,"The fields, the outskirts"
얻어먹다,Go about begging
엄숙하다,"Seriousness, solemnity ; being grave, serious"
여가,"leisure,spare time"
여동생,Younger sister
연상하다,Association of ideas
옆집,The house next door
오래간만,After a long time
오래도록,"For long, a long while"
올려다보다,Look up
외다,To repeat back (an order)
외침,"A shout, a cry"
이빨,A tooth
이해,"interests,gains"
일손,Work in hand
잠바,Jumper
잠수함,Submarine
장수,"A tradesman,merchant"
장학금,Scholarship
재다,"measure,guage"
쟤,That kid
점심시간,Lunchtime
지도하다,"To lead, instruct"
지적,"Intellectual, brainy"
진로,"A course,direction,path"
진행자,Leader of the performance
쪽,"A side, direction"
찾아다니다,To go around to meet somebody or see places
책임감,Feeling of responsibility
체온,Body temperature
초밥,Japanese vinegared rice vegetables
출구,An exit
출입문,Door for exiting and entering
통과,Passage
포장마차,A wheeled snack bar on the street
푸다,"Dip out, bail out"
풀,Glue (spread the ~)
피망,A pimento
필름,Film
한결,"Stands out conspicuously, especially"
한여름,"Midsummer, the middle of summer"
항공,An airport
호선,The track number for a train
회전,"Revolution, rotation"
휴지,Toilet paper
가위,Scissors
고속,High speed
곧다,Be straight or upright or erect
골치,Worry or anxiety
구하다,Rescue a person
내달,Next month
넷째,Fourth
놔두다,"Leave as it is, let it be"
늦어지다,To become late
도망가다,"Make a go for it, escape"
독하다,Be poison
만,To be of sufficient quantity
명단,List of names
무의미하다,Be nonsense
문구,"passage,paragraph"
뭣,What (thing)?
미만,"under,below ; less than"
백색,White
비바람,Rain and wind
사기,"morale,fighting spirit"
사망하다,"To decease,pass away"
사무직,Working in the office not in the factory
소질,"temperament,character"
솜,Cotton
시디롬,Cd-rom
식생활,Dietary life
신호등,"Signal light, blinker"
신혼여행,the honeymoon (the trip after the wedding)
실,Thread (to wind thread)
씩씩하다,"Be brave,valiant"
연구실,A laboratory
월드컵,World cup
유머,Humor
의류,"Clothes, dresses; clothing"
입원,Hospitalization
잊혀지다,To become forgotten
잘살다,"To be affluent, well-off"
장가,To get married
적응,Adaptation
정리되다,To be adjusted
조,"A company,group"
졸업생,A graduate
죽다,Lose your spirit
창피하다,To be ashamed
친절,"Kindness, goodness"
침실,Bedroom
태권도,Tae kwon do
토론하다,"To debate, discuss"
하나하나,Each individual piece
합하다,"Harmonize with, be in accord with"
핸드백,Handbag
햄버거,Hamburger
가정교사,Private tutor
감사,Thanks
공통적,Commonly
교육자,An educator
교재,Teaching material or insruction materials
기타,Guitar
길어지다,To become long
깨소금,Powdered sesame mixed with salt
나빠지다,To become worse
남,A man
놓아두다,"Leave as it is, let it be"
대접하다,Treatment
무궁화,The rose of Sharon
바이러스,Virus
방바닥,room’s floor
번거롭다,Be troublesome. 할 일이 많아서 아주 바쁘다
사냥,"Hunting, a hunt"
사회생활,Social life
설거지,Dishwashing
수년,Several years
수출하다,To export
숙소,one’s address
슈퍼마켓,Supermarket
심리적,Psychological
연기,"postponement,deferment"
위로,"consolation,solace"
이용자,A user; visitor
입력하다,To input (data into the computer)
자격증,A qualification certificate
진료,Medical examination and treatment
창가,"Next to a window, or, the window’s edge"
초조하다,"Be impatient, irritated"
타다,"Put in, mix, dissolve"
한잔하다,To drink a glass of liquor
함께하다,"To do it together, with somebody"
합격하다,To pass an exam
화장지,Soft paper used when applying makeup
힘껏,With all one’s might
가요,A song
감상,Appreciation
공짜,Free
공통되다,To be common
그만하다,Be about the same or be neither better nor worse
나들이,"Going out, an outing ; making a short visit to sb or somewhere"
녹이다,"Melt, dissolve"
눈가,The eye rims
도망,Escape
모기,A mosquito
미니,Mini
방면,Direction
법적,Legal
벤치,Bench
보수,"mending,repair"
볼일,"business,errand,engagement"
부끄러움,"shame,disgrace"
비누,Soap
비행,An irregularity
빗줄기,Great streaks of rain
사회학,Social science
성적,Sexual
세수,Hand-washing
순진하다,"To be naive,pure"
스웨터,Sweater
심심하다,to be bored
어려워지다,To become difficult
여행사,Travel agency
올라서다,Stand up
왼손,The right hand
유학생,A foreign student
은,Silver
자리,A spot at a table
잘생기다,To be handsome
장애인,A handicapped person
재활용품,A recycled product
저러다,Like that
저리,That place
절약하다,To economize
정반대,"Direct opposition, the exact reverse"
진동,"vibration,shake"
찌개,A pot stew
추천,A recommendation
학점,"A unit, a point, a credit"
한가하다,"To be free, not busy"
합격,Success in an examination
환영하다,To welcome
간접적,Indirect or mediate
갈다,Renew or substitute ; same as 바꾸다
경영하다,To manage or adminster
그리움,Yearning or affection
그사이,The while or the meantime
기념하다,Commemorate
기도,A prayer
길거리,A street
꽃잎,A petal
넥타이,Necktie
대강,General principles
독립하다,To become independent
문밖,Outside the door
방송하다,Broadcast
보충하다,"replenish,replace,fillup"
불완전하다,To be imerfect
불평,Dissatisfaction
붐비다,"Be congested,crowded ; to be full of"
생활환경,Life environment
서명,"signing,autographing"
손등,The back of the hand
역사학,The study of history
영,"Really, totally"
오리,Duck
요리사,"A chef, a cook"
원,Goodness! Gracious!
원서,"An application, a written request"
월,A month
이론적,Theoretical
이제야,These days
임신하다,To be pregnant
입원하다,To enter a hospital
자취,"A trace,vestige"
잠그다,To lock
잡수시다,"eat,drink"
장난감,A toy
장례,A funeral
전기밥솥,Electric rice cooker
지금껏,"So far, till now"
지름길,A shortcut
지진,Earthquake
참석자,Persons present
창구,A window
최저,"The lowest, the minimum/lowest price"
코미디,Comedy
튀기다,"To fry; splash, splatter"
필수,"necessary,indispensable"
하품,Yawning
한국말,Korean (language)
횟수,"The number of times, the frequency"
흐리다,"Be muddy, cloudy ; with a tint of"
가능,Possibility
값싸다,Cheap or low-priced
계란,An egg
교문,A school gate
권투,Boxing or K1
긴장감,Feeling of tension
김,"1) Steam 2) scent, aroma"
넷,4
매달다,"Bind up, hang: 묶어서 드리우거나 걸다."
매주,Every week
문제되다,Become a problem
받침,"Support, prop"
북,North
불이익,"disadvantage,drawback"
불필요하다,To be unnecessary
산부인과,Obstetrics and gynecology
새우다,Sit up all night
서명하다,To sign
수,"way,method"
수고하다,To work hard
수학,Pursuit of knowledge
신부,"A holy father,priest"
쓸데없다,To be useless
아뇨,"No, nay"
아래쪽,"The lower part, the bottom"
아스팔트,Asphalt
아하,Dear me! Goodness!
알코올,Alcohol
액세서리,Accessory
에어컨,Air conditioner
염려하다,"To worry, be anxious about"
오이,Cucumber
외삼촌,An uncle on one’s mother’s side
요,Right near at hand
웃음소리,The sound of laughing
위쪽,The upper direction
음료수,Drinking water
인쇄,"printing,typography"
잔디,Lawn
전세,renting with a big downpayment and not paying month to month
조깅,Jogging
초대,An invitation
치다,"(a storm, strong wind, rain, lightning) to strike, hit"
캠퍼스,Campus
터널,Tunnel
통,Counters for letters
퇴직금,Retirement grants
환갑,one’s 60th anniversary
가만있다,Remain still or motionless
간편하다,Simplicity or convenience
감동적,Sensational
건너오다,To come across to this side of something
관광지,Tourist area
교복,School uniform
교포,A Korean living abroad
귀가하다,To return home
날아다니다,Fly about
마음씨,"Disposition, nature"
만,"Just, full"
메모,Memo
몇십,In the tens
몸매,one’s figure
몸무게,Body weight
무관심,"Indifference, unconcern"
반짝이다,"Shine, glitter"
배달,Delivery
번역,Translation
부인,Wife
분주하다,"Be busy,crowded"
비닐봉지,Plastic bag
비판적,Critical
뺏다,Straight
사전,Dictionary
서랍,A drawer
소나기,A sudden rain shower
소중히,"seriously,with care"
손잡이,"A handle,knob"
수도꼭지,"A faucet,tap"
실례,"rudeness,impolite"
싸구려,"cheap,inferior (a bargain)"
안녕,hello/goodbye
안되다,To refuse to accept
약국,Pharmacy
어찌나,"extremely,quite,awfully"
엉터리,"Fake, sham"
연하다,"Tender, soft, mild"
원숭이,A monkey
위법,"illegality,a breach of the law"
육체적,"Corporeal, of the flesh"
음력,The lunar calendar
이혼,Divorce
일회용,For one time use
잔디밭,"lawn,grass"
저기,"“hey,look here,now”"
전문직,Specialty job
전화기,Telephone receiver
제출,"presentation,submission"
지난주,Last week
진달래,Azalea
쪽,"A portion, a side"
찌다,"chop,hack"
차남,one’s second eldest son
채점,"marking,grading,scoring"
침착하다,"Self-possession, composure"
캄캄하다,To be pitch-black
타자기,A typewriter
팬티,Panties (male and female underwear)
편히,"Easily, comfortably"
포인트,Point
포크,Fork
한밤중,Midnight
효도,Filial piety
가구,Furniture
간호사,Nurse
개나리,A forsythia or a golden-bell tree
고등학생,High school student
골목길,An alley
귀가,Returning home
그리워하다,Yearn or be attached to
기억나다,To memorize
기침,Coughing
노랫소리,A singing voice
다섯,5
닭고기,Chicken meat for eating
대학교수,University professor
딸아이,Daughter
만족스럽다,Satisfied
미움,Hatred
바가지,A gourd dipper
발끝,On tiptoes
배꼽,The navel
병실,An infirmary
봉사하다,"serve,render service"
비행장,An airfield
사랑스럽다,Lovely
숟가락,A spoon
술병,A bottle of alcohol
습기,"moisture,humidity"
쓰이다,Be writted
엽서,A postcard
예보,"forecast,predict"
요일,A day of the week not the weekend
욕실,"A bathroom,a bath"
용감하다,"To be brave, courageous"
운전기사,The driver
위험성,"riskiness,jeapordy"
익다,"Get familiar with, experienced with"
일,One
장마,The rainy spell in the summer
재학,"To be in school, be attending school"
전기,a biography
전시하다,To display
정기적,"fixed,regular (time sth)"
종교적,Of religions
주관적,Subjective
직장인,A worker
진심,"The whole heart, sincerity"
질문하다,Ask a person a question
짧아지다,To become short
찌다,To put on weight
책가방,Bookbag
천국,Heaven
치약,Toothpaste
큰절,A deep bow
학과,A department in a college
후회,"repentance,regret"
강조,Emphasis or stress
게시판,A notice board or a bulletin board
공통점,A common point or a common feature
과외,Extracurricular work
교내,Inside the school
구15,Ward or district
금요일,Friday
김밥,Roll of rice and vegetables
내적,Internal
놀이터,Playground
다녀가다,Drop in for a short visit
답장,An answer
마라톤,Marathon
매스컴,Mass communication
무,"nothing,nil"
묵다,Stay overnight s.w.
바나나,Banana
발등,The instep of the foot
밤새,All night
별일,A particular thing
보내오다,받다 receive
부채,"A debt,liabilities"
불법,Buddhism
블라우스,Blouse
사업가,Businessman
사이좋다,Be on good terms with
세상에,In the world
수고,"toil,labor,pains"
수요일,Wednesday
슬퍼하다,"sorrow,feel sad"
시금치,Spinach
신청서,"Application, application form"
쓰레기통,Garbage can
아랫사람,Subordinate
앞쪽,"The front, the fore part"
앨범,Album
양,"A sheep, ram"
여전하다,"Be unchanged, the same as before"
영남,The southeastern part of Korea
옥상,On the roof
왼발,The right foot
운전하다,To drive
위,The stomach
일기,The weather
일자리,"A job, position"
자매,Sisters
저번,"Last time, the other day"
전시장,An exhibition hall
절약,"thrift,savings,economy"
정답,The right answer
정오,Noon
제대하다,Be discharged from the military
졸다,"doze,take a nap"
즉석,"instantly,impromptu"
지방,"Fat, grease, lard"
차차,Gradually
추측,"Guess, conjecture"
충고,"Advice, counsel, suggestion"
코피,A nose bleed
턱,"Reason, grounds"
팩시밀리,"Facximile, fax"
한낮,Noon
할인,A discount
가득히,Full
간호,Nursing or care
갑,1) The first 2) the former
건너,The other or opposite side
걷다,Walk on or tread on
겁나다,Be frightened or scared
고구마,Sweet potato
국기,The national flag
금메달,Gold medal
노트,A note
눈감다,Close the eyes
눈뜨다,Open one’s eyes
대화하다,To converse
도마,A chopping board
동화책,A fairy tale
모집하다,Call/appeal for
미워하다,Dislike
밤색,"Chestnut color, maroon"
밥맛,Appetite
배우자,"A mate, life partner"
복사,Reproduction
볶음밥,Frizzled rice
성별,Sex distinction
세탁,Laundry
소문나다,A rumor starts
소용없다,To be useless
속상하다,Be distressing
손수건,A handkerchief
송아지,"A calf,baby cow"
수돗물,Tap water
수만,Tens of thousands
수입되다,To be imported
수입품,An imported product
술자리,A banquet
식기,An eating vessel
싼값,A low price
안,"A plan,proposal,suggestion"
안부,"safety,welfare"
양주,Foreign wine/liquors
어린이날,Children’s Day (may 5th)
영화배우,Movie actor
오른발,The right foot
용서,"pardon,forgiveness"
우편,"post,mail"
이사하다,To move house
일등,"First class, first class/grade"
작아지다,Become smaller
정장,"Full dress, uniform"
좁히다,"Make narrow,restrict"
좋아,“That’s good”
죽,"In a very straight line, in a row"
줄무늬,A stripe
지워지다,To be erased
지저분하다,"Be messy, soiled, dirty"
진통,"Labor pains, travail"
찬성하다,"To approve, support (a plan)"
참석,"Attendance, participation"
초콜릿,Chocolate
최고급,The highest grade/class
최상,"The best, the finest"
최악,The worst
출국,Leaving a country
친해지다,"To get close, to get friendly"
코끝,The tip of one’s nose
터미널,Terminal
피자,Pizza
한국적,Korean (adjective)
햄,Ham
환영,Welcome
가로수,A roadside tree
간식,Snack
감,Persimmon
개다,To clear up or become clear (weather)
고급스럽다,To be high-class
고소하다,Taste of sesame oil or taste of a nut
공주,A royal princess
깨어지다,To waken
남,The south
네거리,Crossroads
노란색,Yellow
녹음하다,To record
달러,Dollar
대여섯,About five or six
되돌아보다,To look back on
마사지,Massage
만,10000
먹히다,"to be eaten,swallowed"
몸살,Flu aches and pains
무더위,High humidity
무용가,Dancer
박스,Box
반기다,"Rejoice, be glad of"
밥솥,Pressure cooker for rice
베개,A pillow
벨트,Belt
복사하다,"reproduce,copy"
붓다,to be swollen
비,A monument
사계절,The four seasons
사과하다,To apologize
사투리,A dialect
상금,Prize money
수저,A spoon
식욕,"appetite,desire"
앞바다,The offing sea
얄밉다,"Be offensive, mean"
양상추,Lettuce
여대생,Female college student
연기하다,"To be put off, postponed"
온라인,Online
외갓집,one’s mother’s maiden home
외할머니,A maternal grandmother
유능하다,"To be competent,talented"
유적지,Place where remains/cultural-historical remnants are
음악가,A musician
응답하다,"An answer, a reply"
이롭다,Be good for
이분,Divide into two
인삼,Ginseng
인상,"Look, personal appearance"
입사,enter/join a company
자,A ruler
재활용,Recycling
점원,A shop-assistant
제삿날,Day of the ceremony
주름살,Wrinkles
참고하다,"To refer, consult"
찻잔,A teacup
철학적,Philosophical
초대,"The first generation, the founder"
추천하다,"To recommend, say a good word for"
칫솔,A toothbrush
큰길,main/principal road
판매되다,To be sold
편,"Facilities, services"
포근하다,"To be soft and comfortable, downy"
포도,grape(s)
하나님,God
학력,"Academic background, formal schooling"
한정하다,"To limit, restrict"
향상되다,"To be impoved, advanced"
홈페이지,Homepage
횡단보도,Crossing
가톨릭,Catholic
강당,A lecture hall
건조하다,Ry or arid or become dry
걷기,Walking
고모부,The husband of one’s paternal aunt
공중전화,A public payphone
공통,Commonness
과거,The state examination
국가적,National or state
귓속,The inner ear
그래픽,Graphic
근교,Suberbs
기초적,Fundamental or basic
녹음,Recording
다양성,Variety
떠나오다,미국으로부터 to come back from the US
마중,"Meeting, reception"
밝다,To be bright
밤중,Midnight
배드민턴,Badminton
배부르다,To be full
버튼,Button
보수적,Conservative
캐나다,Canada
불확실하다,Be uncertain
비만,"Fatness, corpulence"
빗방울,Raindrops
사회자,President
샤워,Shower
서투르다,"unskilled,clumsy"
세탁기,Washing machine
손뼉,The flat of one’s hand
손수,"With one’s own hands, personally"
송편,Rice cake steemed over pine needles
시들다,"To wither,die,fade"
시디,C.D.
신사,A gentleman
신혼부부,Newlyweds
싱겁다,"Taste flat, have no flavor"
쓸데없이,To have no use
야하다,"To be gaudy,garish"
어쩌다가,"By chance, accident ; sometimes"
옛날이야기,An old story
오븐,Oven
온종일,"All day long, the whole day"
와인,Wine
왕비,Queen
우승하다,To take first place
운반,"conveyance,transport"
웃어른,one’s elders
인사말,Words of greeting
자판기,Vending machine
장모님,A man’s mother in law
저녁때,Evening time
저울,A balance
적어지다,To become smaller
지폐,Paper money
진실로,"Truly, honestly"
촛불,Candle-light
출퇴근,Go to and come from the office
치과,A dentist
테스트,Test
통역,Interpreting
퇴근하다,To go home from work
표시하다,"To make a sign, display"
피로하다,"To be fatigued, weary"
하,"Below, underneath"
한데,"The open air, outside, the exterior"
혼잣말,Talking to oneself
화나다,Get angry
효도하다,To be a good son/daughter to one’s parents
힘없이,"feebly,weekly"
가로,Width or breadth
갈아타다,Transfer (bus or subway)
건넌방,The room opposite the main living room
곧이어,Soon hereafter
공기,Public institution
굉장하다,Be grand or magnificent or splendor
그래서,So or therefore
기업인,Businessman
긴장되다,Be under tension
깨끗해지다,Become clean
낚싯대,A fishing rod
남동생,Younger brother
냇물,"A stream, brook"
단골,"Custom, connection"
단맛,A sweet taste
담요,A blanket
대,"A stem, stalk"
더러워지다,Get dirty
데우다,"to warm, to heat up"
도착,Arrival
동그랗다,To be circular
안동,"간고등어 fish common in this city, ANDONG"
무덥다,"sultry,sweltering"
뭘,What (implicit directobject)?
반대편,The opposite side
발바닥,The sole of the foot
발톱,A toenail
밝아지다,Become bright
밤새다,To stay up all night
부잣집,Rich man’s house
분명해지다,To become clear
사진기,Camera
산길,"A mountain path,road"
상추,Lettuce
섭씨,Celsius
소시지,Sausage
쇼핑,Shopping
수업,Completing an education course
스케줄,Schedule
스키,Ski
시외,"Outside the city, suberbs"
심각해지다,To become serious
싹,"A bud,sprout"
씻기다,"To be carried away, washed away"
안심하다,"security,assuredness,relief"
약,"Get angry,take offense"
약수,"Medicinal water, mineral water"
약품,"Medicines, medical supplies"
양배추,Cabbage
양보,"concession,compromise"
양옆,On both sides
얕다,"To be shallow, superficial"
어두워지다,become/get dark
어쩜,"Well, I guess that, is extremely….."
엊그제,"The day before yesterday, a few days ago"
여고생,Female high school student
여왕,Queen
연기되다,"To be put off, postponed"
열,Ten
예약,"Pre-engagement, reservation"
올라타다,"Board (a plane), get into"
운동화,Sports shoes
이곳저곳,Everywhere
이다음,Next
일회용품,A product to be used only once
읽히다,"To get a person to read, to get a person to learn"
잡수다,"eat,drink"
장사꾼,"A trader,merchant,dealer"
점심때,Lunchtime
주일,A week
즐거워하다,To enjoy it
집중하다,To concentrate
짜다,To be salty
짜증스럽다,To be annoying
천재,"genius,talent"
초등학교,Elementary school
초보,"Initial, first steps"
초여름,Early summer
초저녁,Early in the evening
충돌하다,"Collide, clash with"
코트,Court
피곤,"fatigue,exhaustion"
학비,Tuition
해,"Damage, injury"
해외여행,Foreign travel
효자,A dutiful son
감소되다,To be reduced or diminished
강변,A riverside
공연되다,To give a public performance
공휴일,A legal holiday
괴로워하다,To distress or trouble
교시,Teach or instruct or enlighten
그리로,Over there
까먹다,Crack or peel and eat
깜빡,With a flash or twinkle
깡패,Gangster
꾸다,Dream or have a dream
낚시꾼,An angler
다양해지다,To be various
대중교통,Mass transportation
데려오다,Go with
마요네즈,Mayonnaise
마흔,Forty
만세,"10,000 years"
만화가,Cartoon artist
맘대로,As you want
머리말,A preface
면접,Interview
명함,Name card
몸속,In one’s body
무책임하다,Not responsible
반짝거리다,Twinkle-twinkle (stars)
밤새우다,Sit up all night
번지,Area of land
볼펜,A ballpen
빨간색,"deep-red,crimson"
사립,Private
사생활,Private life
사이사이,Every now and then
사자,A lion
새소리,"Bird voice,”chirp”"
생활수준,The standard of living
서툴다,"poor,awkward"
석사,Master
성당,A church
속마음,"Inner heart,feeling"
손잡다,Take a person by the hand
숙녀,A lady
순하다,"Be gentle,docile"
시댁,one’s husband’s family/house
시부모,one’s husband’s parents
신체적,Physical
실수하다,To make a mistake
쓴맛,A bitter flavor
야옹,"Mewing, meowing"
얼마간,"Some, somewhat"
올여름,This summer
외제,Of foreign manufacture
외출하다,To go out (of doors)
욕하다,"To insult, to say bad words"
위아래,Up and down
음반,A phonograph record
의논,"consultation,conference"
이,Two
이래서,"This way, this direction, here"
이발소,barber’s shop
자살하다,Commit suicide
자연적,Natural
장례식,A funeral
재수,"luck,fortune"
재작년,The year before last
재채기,"sneeze,sneezing"
전구,An electric bulb
전문점,Exclusive store
전통문화,Traditional culture
정거장,A railroad station
존댓말,Respectful speech
주전자,"A kettle, teakettle"
지우다,Put a thing on a person’s back
찬성,"approval,assent"
초보자,"A beginner, neophyte"
초청장,An invitation (card)
촌스럽다,Unfashionable
카레,Curry
컨디션,Condition
코스모스,Cosmos
킬로,Kilo
토론자,"A debator, a disputant"
튼튼히,"Strongly, firmly"
티셔츠,T-shirts
페인트,Paint
평상시,Normally
중국,China
학교생활,Student
한둘,One or two
해물,Marine products
형,"Shape, form"
혼나다,"Get frightened, scared"
가만,Quietly or softly
감정적,Emotional
강북,North of the river
거리,Materials
고무신,Rubber shoes
고춧가루,Red pepper powder
관람,Inspection or viewing
교외,Outside the school or extramural
교육비,Tuition or the cost of a school education
국립,Government established
금,A line (draw)
기억되다,To be remembered
까다,Peel or husk
꽃씨,Flower seed
꾸준하다,Be steady or unflagging
난방,A heated room
내용물,Contents
녹화,Tree-planting
농구,Basketball
달다,To hang
매번,Every time
먹다,Go deaf
무관심하다,Be indifferent to
무사하다,"Be safe, peaceful"
밤낮,"Night and day, always"
배구,Volleyball
번역하다,To translate
병아리,"Chick, baby chicken"
부지런하다,Be diligent
부피,"bulk,size"
비기다,"End in a tie, to be even-even. Same as 무승부를 기록하다"
생활용품,Necessities for daily life
선풍기,A fan
세로,Length
섹시하다,To be sexy
소비하다,Consumption
수리하다,"repair,mending"
스물,Twenty
식료품,Articles for food
식히다,"To cool, let cool. 차게 하다"
싫어지다,To become distasteful
씻기다,"wash,be washed"
얼리다,"Freeze, make ice"
여직원,Female employee
열리다,To bear fruit
옆방,The room next door
오피스텔,Office hotel (studio apt)
올가을,This fall
와이셔츠,A white dress shirt
원피스,(one-piece) a dress
윗사람,"A superior, one’s older somebody"
이민,Emigration
이성,The opposite sex
이혼하다,To get divorced
인제,Now
입사하다,To join/enter a company
재우다,Put to sleep
전시되다,"To be exhibited,ddisplayed"
졸리다,"Feel sleepy,drowsy"
졸음,"sleepiness,drowsiness"
종이컵,A paper cup
주문,"An incantation, a spell"
지능,"intelligence,intellect, raw intelligence"
쩔쩔매다,"To be at a loss, be confused"
철,"Discretion, prudence (Become sensible, wise)"
청바지,Blue jeans
추가되다,To be added
치료법,A curative means
치우다,"VST + Do away with, get rid of"
코끼리,An elephant
콘서트,Concert
큰소리,"A loud voice, loudly"
큰아들,Oldest son
특급,In a special class
평일,A weekday
풀어지다,To get loose; to turn soft (noodles)
한겨울,"Midwinter, the dead of winter"
한평생,A lifetime
해수욕장,A swimming beach
핸드폰,Cell phone
허허,"Ha-ha, with a laugh"
호실,Tells you the room number
휴지통,Waste paper basket
흐려지다,"Get cloudy, overcast"
희망하다,Hope
힘들어하다,"To be exacting, tolling"
강의하다,To give a lecture
걱정되다,To become worried
공연하다,Offer a performance
귤,A Jeju orange
내과,Internal medicine
넷째,Fourth
목걸이,Necklace
무지개,A rainbow
문법,Grammar
볶음,Roasted sth
볼링,Bowling
비둘기,Pigeon
생활비,Cost of living
스키장,Place to ski
시대적,Of the times
쓰다,Bitter (vegetables)
앞문,The front gate
인도,"pavement,sidewalk"
책방,Reading room
추가하다,"To add sth, to supplement"
칠판,The blackboard
크리스마스,Christmas
탁구,"ping-pong,table tennis"
현대적,Modern (adj)
구,9
나흘,Four days
늦가을,Late autumn
다이어트,Diet
목요일,Thursday
못생기다,Ugly
영화관,Movie theater
예술적,Artistic
장모,A man’s mother in law
중국집,Chinese restaurant
지우개,An eraser
지하도,Underground road
튀김,Batter-fried food
고궁,An ancient palace
고속버스,Bus for the freeway
단추,A button
대중적,Of the masses
미역,Brown seaweed
반말,Crude language
분홍색,Pink color
사,"four,the fourth"
소포,"A parcel,package"
손녀,Granddaughter
수영장,Swimming pool
아래층,Lower floor
일본어,Japanese
작은아버지,An uncle younger than your father
잠옷,Pajamas
장갑,A pair of gloves
초순,The first third of a month
퇴원하다,To leave the hospital
하순,The final third of the month
갈비,The ribs
기혼,Married
대장,"A seal, stamp"
모레,The day after tomorrow
삼계탕,Chicken soup
생신,A birthday
서른,Thirty
시내버스,Inner-city bus
아홉,Nine
예약하다,"To book in advance, pledge"
우표,A postage stamp
장미,A rose
천둥,Thunder
퇴원,Leaving the hospital
파란색,Blue
게으르다,Lazy
기념품,A momento
냉면,Cold noodles soup
단풍,Fall foliage
독일어,German
문학적,Literary
미끄럽다,To be slippery
복숭아,Peach
비빔밥,Vegetarian dish of rice and vegetables
여든,Eighty
외아들,The only son
이따가,A little later
일흔,Seventy
장인,"A man’s father in law, the wife\\`s father"
화요일,Tuesday
강아지,Puppy
닷새,Five days
선물하다,Give a gift
아이스크림,Ice cream
외할아버지,A maternal grandfather
요리하다,To cook (food)
입국,Entering a country
주차,Parking
체육관,Gymnasium
최소,"At the least, the minimum"
칠,Seven
칼국수,Knife-cut noodles
큰아버지,Uncle older than one’s father
홍차,"Tea, black tea"
국민적,National or for citizens
국제선,International airline
맛없다,Bad flavor
백,One hundred
사십,40
안과,Ophthalmology
연락처,a way to make contact (usually means a phone number)
연세,"Age, years of age"
예식장,A ceremony hall
월세,Monthly rent
위층,The upper floor
인삼차,Ginseng tea
진찰,"A medical diagnosis, investigation"
초록색,Green
축구공,A soccer ball
큰딸,Oldest daughter
팔,Eight
결석,Absent
김치찌개,Spicy cabbage soup
녹차,Green tea
독감,Influenza
만두,Chinese dumplings
발음하다,Pronounce
보라색,Purple
복습하다,To review
스케이트,Skate
실례하다,To be impolite
그렇게,And so. like that
여섯,Six
연두색,Light green
온돌,The korean under-floor heating system
육,The number six
일곱,Seven
출입국,Entry into a country
클래식,Classic
팝송,Pop song
팩스,Fax
깍두기,Sliced white radish kimchee
국내선,Domestic airline
복습,Reviewing
삼십,30
성함,Your (his) esteemed name
세탁소,Laundromat
시외버스,Inter-city bus
야구장,Baseball field
오십,Fifty
운동복,Exercise clothes
작은아들,Younger son
잠자리,Dragonfly
주차하다,To park
중국어,Chinese
청소기,A vacuum cleaner
칠십,Seventy
필통,Pencil case
학생증,Student identification
형수,The wife of one’s older brother
경상도,Kyung-San-Do province (ulsan or kyungju)
공항버스,Bus to the airport
관광버스,Tourist bus
그저께,The day before yesterday
냉방,A cold or unheated room
눈병,An eye disease
다섯째,Fifth
배추김치,Pickled cabbage
사탕,Sugar
색연필,Colored pencil
소아과,Pediatrics
양력,The solar calendar
예순,Sixty
오,Five
작은어머니,An aunt younger than your mother
축구장,Soccer field
한글날,Korean writing system national holiday
한식,Korean food
세종대왕,"King sejong, who invented Hangul"
넉,The fourth
메일,Mail
복사기,Memeograph
빗,A comb
설렁탕,Beef soup with rice
종로,Famous street in Seoul
신라,One dynasty in ancient korea
십,10
아드님,Your esteemed son
천,Thousand
결석하다,To be absent
기념일,Commemoration day
까만색,Black
내후년,The year after next year
쉰,50
시아버지,one’s husband’s father
식품점,Grocery store
약혼녀,A girl who is engaged
어저께,Yesterday
영상,Above zero
예매하다,Advance purchase
예습,Preparation of lessons
예습하다,"To prepare lessons, rehearse"
육십,Sixty
출석하다,"attendance,presence"
큰어머니,The wife of the elder brother of one’s father
팔십,80
멍멍,A bruise
분필,Chalk
약혼자,"A fiance, an engaged person"
양식,"raising,farming,culture"
억,One hundred million
여덟,Eight
외과,Surgery
제과점,Confectionary store
중식,Chinese food
케첩,Ketchup
편의점,Convenient store
갈비탕,Beef-rib soup
검정색,A large sum of money
미용실,Beauty salon
아흔,Ninety
이십,Twenty
충청도,Area around daejon city
설악산,Famous mountain
조선,Name for ancient korea culture
거꾸로,Backwards or bottom up or the wrong way
인천공항,Incheon international airport
저렇게,Like that
대전,Daejon city
뉴욕,New york
풍경,"Landscape, scenery"
아프리카,Africa
근본,The foundation or basis
정리,"arrangment,regulation,adjustment"
도쿄(동경),Tokyo
워낙,"By nature, primarily, by constitution"
독일,Germany
이렇게,In this way
발달하다,To advance
지적하다,"To indicate, point out"
영국,England
회사,A company
유럽,Europe
의식,"Consciuosness, awareness"
구십,90
아시아,Asia
기다리다,To wait
인천,Incheon city
거기,There (location)
일식,Japanese food
작은딸,Younger daughter
저곳,That place over there
초등학생,An elementary school student
하얀색,White
남미,South america
금강산,The Diamond Mountains
전주,Junju
전라도,South-western region of south korea
북한,North korea
부산,"Busan, city in SE Korea, with largest beach in S.Korea"
미국,America
백두산,Korean mountain
백제,Historical Korean government
베이징(북경),Beijing
우리나라,Korea
대한민국,Korea
한국,Korea
강원도,Region surrounding seoul
경기도,Region surrounding seoul
경복궁,Region surrounding seoul
경주,Region surrounding seoul
고구려,Region surrounding seoul
고려,Region surrounding seoul
광주,Region surrounding seoul
김포공항,KimPo Domestic (sometimes international) airport
울산,"Ulsan, home of hyundai car company and hyundai shipbuilding in kyungsamnamdo"
호남,"The HONAM district, which is CHOLLA-DO in S.W south korea"
일본,Japan
파리,Paris
지리산,"Chili mountain, very beautiful"
제주도,Tourist island off south S.Korea
서울,Seoul
서울역,Seoul train station
남대문,Seoul’s old south gate
한강,"The han river, runs through Seoul"
한라산,Halla-san mountain
한반도,The korean peninsula
평양,Capital of north korea
프랑스,France
호주,Australia
남대문시장,Shopping center in seoul
남산,Mountain in south central seoul